account_id,hotel_name,hotel_name_normalized,city,country_code,priority_band,priority_score,ranking_score,ranking_score_final,priority_level_final,rank_bucket_final,ranking_refresh_reason,ranking_upside_reasons,ranking_downside_reasons,ranking_missingness_notes,decision_status,manual_review_needed,review_queue_reason_codes,icp_fit_score,icp_fit_class,non_icp_but_keep,fit_confidence,confidence_reason,review_bucket,owner_gm_decision_cycle_signal,contact_discovery_likelihood,ota_visibility_signal,website_quality,chain_signal_confidence,contact_gap_reason,contact_gap_count,why_not_top_tier,rank_bucket,rank_bucket_reason,ranking_reason,review_flag,review_reason,website,website_domain,phone,contact_status,hotel_type_class,geography_fit,independent_chain_class,ownership_type,ownership_status,direct_booking_weakness,ota_dependency_signal_label,dedupe_status,duplicate_group_id,contact_duplicate_flag,manual_merge_candidate,active_icp_profile,factual_summary,hotel_opening_hours,hotel_opening_hours_status,checkin_checkout_info,checkin_checkout_status,review_signal_summary,rooms_range,room_count_value,room_count_status,business_interest_summary,why_commercially_interesting,property_positioning_summary,main_bottleneck_hypothesis,pain_point_hypothesis,best_entry_angle,recommended_hook,recommended_first_contact_route,likely_decision_maker_hypothesis,service_complexity_read,commercial_complexity_read,direct_booking_friction_hypothesis,contact_route_friction_hypothesis,call_hypothesis,commercial_verdict,subject_line,hook,give_first_insight,main_observed_issue,email_hook,micro_cta,primary_email_goal,proof_snippet,email_angle,cta_type,variant_id,test_batch,reply_outcome,personalization_line,give_first_line,relevance_line,low_friction_cta,proof_line,cold_email,followup_email,source_file
acc_5970be661818,Jonah’s Restaurant & Boutique Hotel,jonah s restaurant boutique hotel,Palm Beach,AU,Medium-High,8.14,81.42,82.82,Medium-High,B,commercial_verdict:zaujímavý prospect | ownership:raw_confirmed | review_signal:strong | entry_angle:present | commercial_read:present | service_complexity:present | factual_completeness:0 | opening_hours_missing | checkin_missing | room_count_missing | uncertainty_notes:3,commercial_verdict:zaujímavý prospect | ownership:raw_confirmed | review_signal:strong | entry_angle:present | commercial_read:present | service_complexity:present,factual_completeness:0 | opening_hours_missing | checkin_missing | room_count_missing | uncertainty_notes:3,opening_hours_missing | checkin_missing | room_count_missing | uncertainty_notes:3,manual_review,yes,low_factual_completeness,76.0,Keep,no,10.0,website_present | phone_present | category_present | reviews_present,manual_review,Likely shorter owner_gm_cycle,High,3.0,Strong,Low,no_major_gap,0,geo_mismatch,A,top_ranked,strong_icp_fit | independent_signal | preferred_hotel_type | out_of_profile_geography,yes,out_of_profile_geography,http://www.jonahs.com.au/,jonahs.com.au,+61 2 9974 5599,Overené z raw vstupu: web aj telefón,Preferred hotel,Out-of-profile geography,Independent candidate,Independent operator candidate,raw_confirmed,Needs direct booking clarity,Low visible,unique,jonah s restaurant boutique hotel|palm beach|69 bynya rd,no,no,slovakia_independent_3_4_star,"review signal 4.6/5 z 946 recenzií; service mix restaurant, event congress",Verejne nepotvrdené,Verejne nepotvrdené,Verejne nepotvrdené,Verejne nepotvrdené,4.6/5 z 946 recenzií,,,Verejne nepotvrdené,"Jonah’s Restaurant & Boutique Hotel je nezávislý hotel s reštauráciou a eventovými službami v Palm Beach, Austrália, s vysokým hodnotením 4,6 z 946 recenzií.","Možný bottleneck je nejasnosť v prevádzkových hodinách a dostupnosti služieb, čo môže sťažovať efektívnu komunikáciu s potenciálnymi zákazníkmi. Prevádzka nezávislého hotela s rôznorodými službami môže viesť k manuálnej záťaži pri správe rezervácií a eventov.",Boutique hotel s reštauráciou a priestorom pre eventy v atraktívnej lokalite Palm Beach.,"Možný bottleneck je nejasnosť v prevádzkových hodinách a dostupnosti služieb, čo môže sťažovať efektívnu komunikáciu s potenciálnymi zákazníkmi.",Prevádzka nezávislého hotela s rôznorodými službami môže viesť k manuálnej záťaži pri správe rezervácií a eventov.,"Všimli sme si, že pri hoteloch s kombináciou reštaurácie a eventových služieb často vznikajú miesta, kde sa môže strácať časť záujmu pred dopytom priamej rezervácie a efektivity komunikácie.","Všimli sme si, že pri hoteloch s podobným profilom často vznikajú miesta, kde sa môže strácať časť záujmu pred dopytom priamej rezervácie a komuni….",Kontaktujte recepciu alebo manažéra hotela cez telefón +61 2 9974 5599 pre overenie prevádzkových hodín a záujmu o optimalizáciu služieb.,"Pravdepodobným rozhodovacím kontaktom je manažér alebo vlastník nezávislého hotela, ktorý má na starosti prevádzku a marketing.","Hotel ponúka kombináciu ubytovania, reštaurácie a eventových služieb, čo zvyšuje komplexnosť správy a koordinácie služieb.","Obchodná komunikácia môže byť zložitejšia kvôli rôznorodosti služieb a potrebe koordinácie medzi ubytovaním, reštauráciou a eventami.","Friction môže vzniknúť z nejasných prevádzkových hodín a neúplných informácií na webe, čo môže odradiť priame rezervácie.","Prvý kontakt môže byť komplikovaný, ak nie je jasné, kto je zodpovedný za rezervácie alebo eventy, čo môže viesť k oneskoreniam v komunikácii.","Pri prvom hovore by bolo vhodné overiť aktuálne prevádzkové hodiny a proces rezervácie, zistiť, ako sa manažuje dopyt z reštaurácie a eventov, a identifikovať, či manažér alebo vlastník prijíma rozhodnutia o marketingu a predaji. Popri tom dáva zmysel zistiť, či to rieši skôr Pravdepodobným rozhodovacím kontaktom je manažér alebo vlastník nezávislého hotela, ktorý má na staros…",zaujímavý prospect,Jonah’s Restaurant & Boutique Hotel: krátky postreh k event dopytu,"Všimli sme si, že pri hoteloch s podobným profilom často vznikajú miesta, kde sa môže strácať časť záujmu pred dopytom priamej rezervácie a komuni….",Pri rýchlom pozretí webu som nenašiel jasne uvedené otváracie hodiny alebo časy recepcie.,Na webe som nenašiel jasne uvedené otváracie hodiny alebo recepčné časy.,Pozeral som sa na Jonah’s Restaurant & Boutique Hotel v lokalite Palm Beach.,"Ak chcete, pošlem 3 stručné postrehy v krátkej forme.",reply_with_permission,Pozeral som len verejne dostupný profil a základné kontaktné údaje.,opening_hours_clarity,low_friction_permission,A1,Sydney 100,,"Jonah’s Boutique Hotel v Palm Beach má vynikajúce recenzie a ponúka reštauráciu aj eventové priestory, čo je skvelá kombinácia pre rozšírenie priameho predaja. Pri takomto profile sa často mieša viac typov záujmu naraz.","Všimli sme si, že pri hoteloch s kombináciou reštaurácie a eventových služieb často vznikajú miesta, kde sa môže strácať časť záujmu pred dopytom priamej rezervácie a efektivity k…","Možný bottleneck je nejasnosť v prevádzkových hodinách a dostupnosti služieb, čo môže sťažovať efektívnu komunikáciu s potenciálnymi zákazníkmi. Prevádzka nezávislého hotela s rôznorodými službami môže viesť k manuálnej…","Ak chcete, pošlem 3 stručné postrehy v krátkej forme.",Pozeral som len verejne dostupný profil a základné kontaktné údaje.,"Dobrý deň,

Jonah’s Boutique Hotel v Palm Beach má vynikajúce recenzie a ponúka reštauráciu aj eventové priestory, čo je skvelá kombinácia pre rozšírenie priameho predaja. Pri takomto profile sa často mieša viac typov záujmu naraz.
Všimli sme si, že pri hoteloch s kombináciou reštaurácie a eventových služieb často vznikajú miesta, kde sa môže strácať časť záujmu pred dopytom priamej rezervácie a efektivity k…
Možný bottleneck je nejasnosť v prevádzkových hodinách a dostupnosti služieb, čo môže sťažovať efektívnu komunikáciu s potenciálnymi zákazníkmi. Prevádzka nezávislého hotela s rôznorodými službami môže viesť k manuálnej…
Pozeral som len verejne dostupný profil a základné kontaktné údaje.

Ak chcete, pošlem 3 stručné postrehy v krátkej forme.

S pozdravom","Dobrý deň,

jemne sa pripomínam k predošlej správe pre Jonah’s Restaurant & Boutique Hotel.
Ak chcete, pošlem 3 stručné postrehy v krátkej forme.

S pozdravom",Sydney 100.csv
acc_9f2cb7250cf5,Miramare Gardens,miramare gardens,Terrey Hills,AU,Medium-High,8.14,81.38,84.78,Medium-High,B,commercial_verdict:zaujímavý prospect | ownership:public_confirmed | factual_completeness:1 | entry_angle:present | commercial_read:present | service_complexity:present | checkin_missing | room_count_missing | uncertainty_notes:3,commercial_verdict:zaujímavý prospect | ownership:public_confirmed | factual_completeness:1 | entry_angle:present | commercial_read:present | service_complexity:present,checkin_missing | room_count_missing | uncertainty_notes:3,checkin_missing | room_count_missing | uncertainty_notes:3,outreach_now,no,,76.0,Keep,no,10.0,website_present | phone_present | category_present | reviews_present,manual_review,Likely shorter owner_gm_cycle,High,3.0,Basic,Low,no_major_gap,0,geo_mismatch,A,top_ranked,strong_icp_fit | independent_signal | preferred_hotel_type | out_of_profile_geography,yes,out_of_profile_geography,https://www.miramaregardens.com.au/?utm_source=google&utm_medium=organic&utm_campaign=gmb,miramaregardens.com.au,+61 2 9450 2000,Overené z raw vstupu: web aj telefón,Preferred hotel,Out-of-profile geography,Independent candidate,Independent operator candidate,public_confirmed,Needs direct booking clarity,Low visible,unique,miramare gardens|terrey hills|48 myoora rd,no,no,slovakia_independent_3_4_star,review signal 4.4/5 z 790 recenzií; service mix event congress,"Monday,Tuesday,Wednesday,Thursday,Friday,Saturday,Sunday 09:00-17:00",Overené vo verejnom zdroji,Verejne nepotvrdené,Verejne nepotvrdené,4.4/5 z 790 recenzií,,,Verejne nepotvrdené,Miramare Gardens je nezávislý hotel v Terrey Hills s dobrou reputáciou a ponukou kongresových služieb.,"Hotel má silnú recenziu 4,4 z 790 hodnotení a ponúka priestory pre eventy, čo môže prilákať firemných klientov. Neexistujú verejné informácie o počte izieb ani o ďalších službách, čo môže ovplyvniť presnú segmentáciu dopytu.",Miramare Gardens je nezávislý hotel v pokojnej lokalite Terrey Hills s dôrazom na kongresové a eventové služby.,"Možný bottleneck je nejasnosť ohľadom kapacity a služieb, čo môže komplikovať presné zacielenie ponúk.",Neistota v dostupnosti a rozsahu služieb môže viesť k zmiešanému dopytu a manuálnej záťaži pri komunikácii.,Oplatí sa preveriť možnosti eventových priestorov a flexibilitu nezávislého prevádzkovateľa pri spolupráci.,"Všimli sme si, že pri hoteloch s eventovými priestormi často vznikajú miesta, kde sa môže strácať časť záujmu pred dopytom správy rezervácií.",Kontaktujte recepciu na +61 2 9450 2000 a opýtajte sa na možnosti spolupráce v oblasti eventových služieb.,"Pravdepodobne rozhoduje manažér hotela alebo prevádzkovateľ nezávislého hotela, ktorý má na starosti eventové priestory.","Hotel ponúka eventové služby, ale chýbajú verejné informácie o ďalších službách, čo naznačuje strednú komplexnosť ponuky.","Nezávislý prevádzkovateľ s eventovým zameraním môže mať jednoduchšiu obchodnú štruktúru, no zmiešaný dopyt môže vyžadovať viac manuálnej komunikácie.",Možný friction môže vzniknúť kvôli nejasnostiam v dostupnosti služieb a kapacít pred priamou rezerváciou.,Friction môže byť v identifikácii správneho kontaktného rozhodovateľa vzhľadom na nezávislú prevádzku a rôzne typy dopytu.,"Pri prvom hovore by bolo vhodné overiť presný počet izieb a dostupnosť služieb ako wellness alebo reštaurácia, ktoré nie sú verejne potvrdené. Zároveň sa oplatí zistiť, ako manažujú eventové rezervácie a či majú záujem o optimalizáciu tohto segmentu. Pravdepodobne rozhoduje manažér hotela, ktorý môže poskytnúť detailnejšie informácie o prevádzke. Popri tom dáva zmysel zistiť…",zaujímavý prospect,Miramare Gardens: krátky postreh k event dopytu,"Všimli sme si, že pri hoteloch s eventovými priestormi často vznikajú miesta, kde sa môže strácať časť záujmu pred dopytom správy rezervácií.",Pri rýchlom pozretí webu som nenašiel jasne uvedený check-in a check-out.,Na webe som nenašiel jasne uvedený check-in a check-out na prvý pohľad.,Pozeral som sa na Miramare Gardens v lokalite Terrey Hills.,"Ak chcete, pošlem 3 stručné postrehy v krátkej forme.",reply_with_permission,"Vychádzal som z verejne uvedených hodín: Monday,Tuesday,Wednesday,Thursday,Friday,Saturday,Sunday 09:00-17:00.",checkin_checkout_clarity,low_friction_permission,A2,Sydney 100,,"Všimli sme si, že Miramare Gardens má silné hodnotenia a ponúka eventové priestory, čo často znamená záujem o optimalizáciu rezervácií a služieb pre firemných klientov. Pri takomto profile sa často mieša viac typov záujmu naraz. Pri takomto type hotela býva užitočné preveriť, či…",Oplatí sa preveriť možnosti eventových priestorov a flexibilitu nezávislého prevádzkovateľa pri spolupráci.,"Hotel má silnú recenziu 4,4 z 790 hodnotení a ponúka priestory pre eventy, čo môže prilákať firemných klientov. Neexistujú verejné informácie o počte izieb ani o ďalších službách, čo môže ovplyvniť presnú segmentáciu do…","Ak chcete, pošlem 3 stručné postrehy v krátkej forme.","Vychádzal som z verejne uvedených hodín: Monday,Tuesday,Wednesday,Thursday,Friday,Saturday,Sunday 09:00-17:00.","Dobrý deň,

Všimli sme si, že Miramare Gardens má silné hodnotenia a ponúka eventové priestory, čo často znamená záujem o optimalizáciu rezervácií a služieb pre firemných klientov. Pri takomto profile sa často mieša viac typov záujmu naraz. Pri takomto type hotela býva užitočné preveriť, či…
Oplatí sa preveriť možnosti eventových priestorov a flexibilitu nezávislého prevádzkovateľa pri spolupráci.
Hotel má silnú recenziu 4,4 z 790 hodnotení a ponúka priestory pre eventy, čo môže prilákať firemných klientov. Neexistujú verejné informácie o počte izieb ani o ďalších službách, čo môže ovplyvniť presnú segmentáciu do…
Vychádzal som z verejne uvedených hodín: Monday,Tuesday,Wednesday,Thursday,Friday,Saturday,Sunday 09:00-17:00.

Ak chcete, pošlem 3 stručné postrehy v krátkej forme.

S pozdravom","Dobrý deň,

jemne sa pripomínam k predošlej správe pre Miramare Gardens.
Ak chcete, pošlem 3 stručné postrehy v krátkej forme.

S pozdravom",Sydney 100.csv
acc_462634ba1b0d,The Hornsby Inn,the hornsby inn,Hornsby,AU,Medium-High,8.13,81.3,85.2,High,A,commercial_verdict:zaujímavý prospect | ownership:raw_confirmed | factual_completeness:2 | entry_angle:present | commercial_read:present | service_complexity:present | checkin_missing | uncertainty_notes:3,commercial_verdict:zaujímavý prospect | ownership:raw_confirmed | factual_completeness:2 | entry_angle:present | commercial_read:present | service_complexity:present,checkin_missing | uncertainty_notes:3,checkin_missing | uncertainty_notes:3,outreach_now,no,,76.0,Keep,no,10.0,website_present | phone_present | category_present | reviews_present,manual_review,Likely shorter owner_gm_cycle,High,3.0,Strong,Low,no_major_gap,0,geo_mismatch,A,top_ranked,strong_icp_fit | independent_signal | preferred_hotel_type | out_of_profile_geography,yes,out_of_profile_geography,https://hornsbyinn.com.au/,hornsbyinn.com.au,+61 2 5302 9307,Overené z raw vstupu: web aj telefón,Preferred hotel,Out-of-profile geography,Independent candidate,Independent operator candidate,raw_confirmed,Needs direct booking clarity,Low visible,unique,the hornsby inn|hornsby|burdett st 37 hunter st,no,no,slovakia_independent_3_4_star,"review signal 4/5 z 682 recenzií; rooms range 1-15; service mix restaurant, event congress","Monday, Tuesday, Wednesday, Thursday, Friday, Saturday: 10:00-03:00; Sunday: 10:00-22:00",Overené vo verejnom zdroji,Verejne nepotvrdené,Verejne nepotvrdené,4/5 z 682 recenzií,1-15,10,public_confirmed,"The Hornsby Inn je nezávislý pub s 10 izbami a reštauráciou v meste Hornsby, Austrália.","Možná zložitosť v koordinácii a správe nočných prevádzkových hodín môže spôsobiť oneskorenia v reakcii na dopyty alebo rezervácie. Recepcia alebo manažment môže byť manuálne zaťažený riešením rôznorodých požiadaviek spojených s gastro, eventmi a ubytovaním.","The Hornsby Inn je nezávislý pub s reštauráciou a kapacitou 10 izieb, otvorený denne od 10:00 do 03:00, s možnosťou organizácie eventov.",Možná zložitosť v koordinácii a správe nočných prevádzkových hodín môže spôsobiť oneskorenia v reakcii na dopyty alebo rezervácie.,"Recepcia alebo manažment môže byť manuálne zaťažený riešením rôznorodých požiadaviek spojených s gastro, eventmi a ubytovaním.","Všimli sme si, že pri hoteloch s kombináciou pubu, reštaurácie a eventov často vznikajú miesta, kde sa môže strácať časť záujmu pred dopytom riadenia rezervácií a komunikácie so zákazníkmi.","Všimli sme si, že pri hoteloch s nočnými prevádzkami a eventmi často vznikajú príležitosti na zefektívnenie riadenia re….",Kontaktujte recepciu alebo manažéra prevádzky cez telefón uvedený na webstránke.,Prvým rozhodujúcim kontaktom bude pravdepodobne manažér prevádzky alebo vlastník nezávislého hotela.,"Hotel ponúka kombináciu ubytovania, reštaurácie a eventových služieb, čo zvyšuje komplexnosť prevádzky a potrebu koordinácie rôznych typov služieb.","Obchodná komunikácia musí zohľadniť rôznorodý dopyt od ubytovacích hostí aj gastro/event zákazníkov, čo môže vyžadovať viacero kontaktných bodov a jasnú segmen…","Friction môže vzniknúť pri rezerváciách v nočných hodinách alebo pri koordinácii eventov, kde je potrebná rýchla a presná komunikácia.","Prvý kontakt môže byť zložitejší kvôli potrebe osloviť správneho manažéra medzi gastro, event a ubytovacím tímom.","Pri prvom hovore je vhodné overiť, ako riešia koordináciu rezervácií medzi pubom, reštauráciou a ubytovaním, a či existujú manuálne procesy, ktoré by mohli byť zjednodušené. Zároveň je dôležité pochopiť, kto rozhoduje o zmenách v procese alebo komunikácii, pravdepodobne manažér prevádzky alebo vlastník. Popri tom dáva zmysel zistiť, či to rieši skôr manažér prevádzky alebo vla…",zaujímavý prospect,The Hornsby Inn: krátky postreh k event dopytu,"Všimli sme si, že pri hoteloch s nočnými prevádzkami a eventmi často vznikajú príležitosti na zefektívnenie riadenia re….",Pri rýchlom pozretí webu som nenašiel jasne uvedený check-in a check-out.,Na webe som nenašiel jasne uvedený check-in a check-out na prvý pohľad.,Pozeral som sa na The Hornsby Inn v lokalite Hornsby.,"Ak chcete, pošlem 3 stručné postrehy v krátkej forme.",reply_with_permission,"Vychádzal som z verejne uvedených hodín: Monday, Tuesday, Wednesday, Thursday, Friday, Saturday: 10:00-03:00; Sunday: 10:00-22:00.",checkin_checkout_clarity,low_friction_permission,A2,Sydney 100,,"The Hornsby Inn má unikátnu kombináciu pubu a ubytovania, čo môže prinášať špecifické výzvy v manažmente nočných hodín a eventov. Pri takomto profile sa často mieša viac typov záujmu naraz.","Všimli sme si, že pri hoteloch s kombináciou pubu, reštaurácie a eventov často vznikajú miesta, kde sa môže strácať časť záujmu pred dopytom riadenia rezervácií a komunikácie so z…",Možná zložitosť v koordinácii a správe nočných prevádzkových hodín môže spôsobiť oneskorenia v reakcii na dopyty alebo rezervácie. Recepcia alebo manažment môže byť manuálne zaťažený riešením rôznorodých požiadaviek spo…,"Ak chcete, pošlem 3 stručné postrehy v krátkej forme.","Vychádzal som z verejne uvedených hodín: Monday, Tuesday, Wednesday, Thursday, Friday, Saturday: 10:00-03:00; Sunday: 10:00-22:00.","Dobrý deň,

The Hornsby Inn má unikátnu kombináciu pubu a ubytovania, čo môže prinášať špecifické výzvy v manažmente nočných hodín a eventov. Pri takomto profile sa často mieša viac typov záujmu naraz.
Všimli sme si, že pri hoteloch s kombináciou pubu, reštaurácie a eventov často vznikajú miesta, kde sa môže strácať časť záujmu pred dopytom riadenia rezervácií a komunikácie so z…
Možná zložitosť v koordinácii a správe nočných prevádzkových hodín môže spôsobiť oneskorenia v reakcii na dopyty alebo rezervácie. Recepcia alebo manažment môže byť manuálne zaťažený riešením rôznorodých požiadaviek spo…
Vychádzal som z verejne uvedených hodín: Monday, Tuesday, Wednesday, Thursday, Friday, Saturday: 10:00-03:00; Sunday: 10:00-22:00.

Ak chcete, pošlem 3 stručné postrehy v krátkej forme.

S pozdravom","Dobrý deň,

jemne sa pripomínam k predošlej správe pre The Hornsby Inn.
Ak chcete, pošlem 3 stručné postrehy v krátkej forme.

S pozdravom",Sydney 100.csv
acc_d7e3595aefb6,Billabong Retreat,billabong retreat,Maraylya,AU,Medium-High,8.1,81.01,85.41,High,A,commercial_verdict:zaujímavý prospect | ownership:public_confirmed | factual_completeness:1 | review_signal:strong | entry_angle:present | commercial_read:present | service_complexity:present | opening_hours_missing | room_count_missing | uncertainty_notes:3,commercial_verdict:zaujímavý prospect | ownership:public_confirmed | factual_completeness:1 | review_signal:strong | entry_angle:present | commercial_read:present | service_complexity:present,opening_hours_missing | room_count_missing | uncertainty_notes:3,opening_hours_missing | room_count_missing | uncertainty_notes:3,outreach_now,no,,76.0,Keep,no,10.0,website_present | phone_present | category_present | reviews_present,manual_review,Likely shorter owner_gm_cycle,High,3.0,Strong,Low,no_major_gap,0,geo_mismatch,A,top_ranked,strong_icp_fit | independent_signal | preferred_hotel_type | out_of_profile_geography,yes,out_of_profile_geography,http://www.billabongretreat.com.au/,billabongretreat.com.au,+61 2 4573 6080,Overené z raw vstupu: web aj telefón,Preferred hotel,Out-of-profile geography,Independent candidate,Independent operator candidate,public_confirmed,Needs direct booking clarity,Low visible,unique,billabong retreat|maraylya|41 mcclymonts rd,no,no,slovakia_independent_3_4_star,review signal 4.7/5 z 286 recenzií; service mix spa,Verejne nepotvrdené,Verejne nepotvrdené,Check-in od 08:30,Overené vo verejnom zdroji,4.7/5 z 286 recenzií,,,Verejne nepotvrdené,Billabong Retreat je nezávislý rezortný hotel v Maraylya s vysokým hodnotením a overeným check-in časom od 08:30.,"Hotel má silnú ICP zhodu a preferovaný typ hotela, no nachádza sa mimo bežného geografického profilu, čo môže ovplyvniť dopyt a komunikáciu. Overenie presného počtu izieb a rozsahu služieb by pomohlo lepšie zacieliť ponuku.","Billabong Retreat je nezávislý rezortný hotel s wellness službami a vysokým hodnotením hostí v lokalite Maraylya, Nový Južný Wales.","Možný bottleneck je nejasnosť v presnej veľkosti hotela a rozsahu služieb, čo môže komplikovať personalizáciu ponuky.",Recepcia alebo manažment môže mať manuálnu záťaž pri správe dopytov kvôli neúplným verejným informáciám.,"Všimli sme si, že pri nezávislých rezortoch ako Billabong Retreat často chýbajú detailné verejné informácie o kapacitách a službách, oplatí sa to preveriť.","Pri takomto type hotela býva dôležité preveriť, či možný bottleneck je nejasnosť v presnej veľkosti hotela a rozsahu služieb, čo môže komplikovať per…",Kontaktujte recepciu alebo manažéra cez telefón +61 2 4573 6080 s otázkami o kapacitách a službách.,"Prvým rozhodujúcim kontaktom bude pravdepodobne manažér hotela alebo vedúci recepcie, vzhľadom na nezávislú prevádzku.","Hotel ponúka spa služby, no ďalšie služby ako reštaurácia alebo wellness nie sú potvrdené, čo naznačuje strednú komplexnosť ponuky.","Nezávislá prevádzka s preferovaným typom hotela, čo môže znamenať priame rozhodovanie manažmentu bez väčších korporátnych štruktúr.",Možný friction pred priamou rezerváciou môže byť nejasnosť v dostupnosti izieb a služieb kvôli obmedzeným verejným informáciám.,"Friction v prvom kontakte môže vzniknúť, ak nie je jasné, kto presne rozhoduje o spolupráci v nezávislom hoteli.","Pri prvom hovore overíme presný počet izieb a dostupnosť služieb spa a wellness, zároveň zisťujeme, kto je rozhodujúci kontakt pre obchodné ponuky. Môže sa miešať dopyt na wellness a rekreačné pobyty, čo treba zohľadniť. Zároveň je potrebné zistiť, ako manažment rieši správu dopytov a či je manuálna záťaž na recepcii vysoká. Popri tom dáva zmysel zistiť, či to rieši skôr manaž…",zaujímavý prospect,Billabong Retreat: krátky postreh k prvému kontaktu,"Pri takomto type hotela býva dôležité preveriť, či možný bottleneck je nejasnosť v presnej veľkosti hotela a rozsahu služieb, čo môže komplikovať per…",Pri rýchlom pozretí webu som nenašiel jasne uvedené otváracie hodiny alebo časy recepcie.,Na webe som nenašiel jasne uvedené otváracie hodiny alebo recepčné časy.,Pozeral som sa na Billabong Retreat v lokalite Maraylya.,"Ak chcete, pošlem 3 stručné postrehy v krátkej forme.",reply_with_permission,Vychádzal som z verejne uvedeného check-in/check-out: Check-in od 08:30.,opening_hours_clarity,low_friction_permission,A1,Sydney 100,,"Váš hotel Billabong Retreat má výborné hodnotenia a overený check-in čas, čo naznačuje kvalitnú prevádzku, rád by som sa dozvedel viac o vašej kapacite a službách spa. Pri takomto profile sa často mieša viac typov záujmu naraz. Pri takomto type hotela býva užitočné preveriť, či…","Všimli sme si, že pri nezávislých rezortoch ako Billabong Retreat často chýbajú detailné verejné informácie o kapacitách a službách, oplatí sa to preveriť.","Hotel má silnú zhodu a preferovaný typ hotela, no nachádza sa mimo bežného geografického profilu, čo môže ovplyvniť dopyt a komunikáciu. Overenie presného počtu izieb a rozsahu služieb by pomohlo lepšie zacieliť ponuku.","Ak chcete, pošlem 3 stručné postrehy v krátkej forme.",Vychádzal som z verejne uvedeného check-in/check-out: Check-in od 08:30.,"Dobrý deň,

Váš hotel Billabong Retreat má výborné hodnotenia a overený check-in čas, čo naznačuje kvalitnú prevádzku, rád by som sa dozvedel viac o vašej kapacite a službách spa. Pri takomto profile sa často mieša viac typov záujmu naraz. Pri takomto type hotela býva užitočné preveriť, či…
Všimli sme si, že pri nezávislých rezortoch ako Billabong Retreat často chýbajú detailné verejné informácie o kapacitách a službách, oplatí sa to preveriť.
Hotel má silnú zhodu a preferovaný typ hotela, no nachádza sa mimo bežného geografického profilu, čo môže ovplyvniť dopyt a komunikáciu. Overenie presného počtu izieb a rozsahu služieb by pomohlo lepšie zacieliť ponuku.
Vychádzal som z verejne uvedeného check-in/check-out: Check-in od 08:30.

Ak chcete, pošlem 3 stručné postrehy v krátkej forme.

S pozdravom","Dobrý deň,

jemne sa pripomínam k predošlej správe pre Billabong Retreat.
Ak chcete, pošlem 3 stručné postrehy v krátkej forme.

S pozdravom",Sydney 100.csv
acc_50ce289c9223,Spicers Sangoma Retreat,spicers sangoma retreat,Bowen Mountain,AU,Medium-High,8.1,80.96,82.16,Medium-High,B,commercial_verdict:zaujímavý prospect | ownership:raw_confirmed | review_signal:strong | entry_angle:present | commercial_read:present | service_complexity:present | factual_completeness:0 | opening_hours_missing | checkin_missing | room_count_missing | uncertainty_notes:4,commercial_verdict:zaujímavý prospect | ownership:raw_confirmed | review_signal:strong | entry_angle:present | commercial_read:present | service_complexity:present,factual_completeness:0 | opening_hours_missing | checkin_missing | room_count_missing | uncertainty_notes:4,opening_hours_missing | checkin_missing | room_count_missing | uncertainty_notes:4,manual_review,yes,low_factual_completeness | high_uncertainty,76.0,Keep,no,10.0,website_present | phone_present | category_present | reviews_present,manual_review,Likely shorter owner_gm_cycle,High,3.0,Weak,Low,no_major_gap,0,geo_mismatch,A,top_ranked,strong_icp_fit | independent_signal | preferred_hotel_type | out_of_profile_geography,yes,out_of_profile_geography,https://spicersretreats.com/retreats/spicers-sangoma-retreat/?utm_source=google&utm_medium=organic&utm_campaign=gmb,spicersretreats.com,+61 1300 352 190,Overené z raw vstupu: web aj telefón,Preferred hotel,Out-of-profile geography,Independent candidate,Independent operator candidate,raw_confirmed,Needs direct booking clarity,Low visible,unique,spicers sangoma retreat|bowen mountain|70 grandview ln,no,no,slovakia_independent_3_4_star,"review signal 4.8/5 z 248 recenzií; service mix restaurant, event congress, spa",Verejne nepotvrdené,Verejne nepotvrdené,Verejne nepotvrdené,Verejne nepotvrdené,4.8/5 z 248 recenzií,,,Verejne nepotvrdené,"Spicers Sangoma Retreat je nezávislý hotel s vysokým hodnotením a ponukou reštaurácie, spa a kongresových služieb v Bowen Mountain.","Hotel má veľmi dobré recenzie (4,8 z 5) a ponúka komplexné služby vrátane spa a eventových priestorov, čo môže prilákať rôzne segmenty klientely. Je však potrebné preveriť dostupnosť a kapacity, keďže počet izieb a otváracie hodiny nie sú verejne potvrdené.","Spicers Sangoma Retreat je nezávislý hotel v prírodnom prostredí Bowen Mountain s kvalitnou gastronómiou, spa a priestorom pre konferencie a svadby.","Možný bottleneck môže byť v nejasnostiach ohľadom kapacity a prevádzkových hodín, čo komplikuje plánovanie a predaj.",Recepcia alebo manažment môžu mať manuálnu záťaž pri správe rôznorodých služieb bez jasne definovaných procesov.,"Všimli sme si, že pri hoteloch s komplexnou ponukou služieb často pomáha audit prevádzkových procesov a kapacitného manažmentu.","Všimli sme si, že pri hoteloch s podobnou ponukou často pomáha detailný audit prevádzkových procesov.",Kontaktujte recepciu alebo manažéra prevádzky cez telefón +61 1300 352 190.,Prvým rozhodujúcim kontaktom bude pravdepodobne manažér prevádzky alebo generálny manažér hotela.,"Hotel ponúka komplexné služby vrátane reštaurácie, spa a eventových priestorov, čo zvyšuje nároky na koordináciu a správu.",Obchodná komunikácia môže byť zložitá kvôli rôznorodosti služieb a nejasnostiam v prevádzkových detailoch.,"Friction môže vzniknúť kvôli nejasnostiam v dostupnosti izieb a otváracích hodinách, ktoré nie sú verejne dostupné.","Prvý kontakt môže byť zložitejší, ak nie je jasné, kto presne rozhoduje o spolupráci alebo ak recepcia má vysokú manuálnu záťaž.","Pri prvom hovore by bolo vhodné overiť, ako riešia plánovanie kapacít a rezervácií, či majú jasne definované otváracie hodiny a počet izieb. Zároveň je dôležité pochopiť, kto rozhoduje o prípadnej spolupráci a aké sú ich priority v oblasti služieb a zákazníckej skúsenosti. Popri tom dáva zmysel zistiť, či to rieši skôr manažér prevádzky alebo generálny manažér hotela alebo iný…",zaujímavý prospect,Spicers Sangoma Retreat: krátky postreh k event dopytu,"Všimli sme si, že pri hoteloch s podobnou ponukou často pomáha detailný audit prevádzkových procesov.",Pri rýchlom pozretí webu som nenašiel jasne uvedené otváracie hodiny alebo časy recepcie.,Na webe som nenašiel jasne uvedené otváracie hodiny alebo recepčné časy.,Pozeral som sa na Spicers Sangoma Retreat v lokalite Bowen Mountain.,"Ak chcete, pošlem 3 stručné postrehy v krátkej forme.",reply_with_permission,Pozeral som len verejne dostupný profil a základné kontaktné údaje.,opening_hours_clarity,low_friction_permission,A1,Sydney 100,,"Váš hotel s vysokým hodnotením a širokou ponukou služieb je skvelým miestom pre rôzne typy klientov, zaujímalo by nás, ako riešite plánovanie kapacít a rezervácií v praxi. Pri takomto profile sa často mieša viac typov záujmu naraz. Pri takomto type hotela býva užitočné preveriť…","Všimli sme si, že pri hoteloch s komplexnou ponukou služieb často pomáha audit prevádzkových procesov a kapacitného manažmentu.","Hotel má veľmi dobré recenzie (4,8 z 5) a ponúka komplexné služby vrátane spa a eventových priestorov, čo môže prilákať rôzne segmenty klientely. Je však potrebné preveriť dostupnosť a kapacity, keďže počet izieb a otvá…","Ak chcete, pošlem 3 stručné postrehy v krátkej forme.",Pozeral som len verejne dostupný profil a základné kontaktné údaje.,"Dobrý deň,

Váš hotel s vysokým hodnotením a širokou ponukou služieb je skvelým miestom pre rôzne typy klientov, zaujímalo by nás, ako riešite plánovanie kapacít a rezervácií v praxi. Pri takomto profile sa často mieša viac typov záujmu naraz. Pri takomto type hotela býva užitočné preveriť…
Všimli sme si, že pri hoteloch s komplexnou ponukou služieb často pomáha audit prevádzkových procesov a kapacitného manažmentu.
Hotel má veľmi dobré recenzie (4,8 z 5) a ponúka komplexné služby vrátane spa a eventových priestorov, čo môže prilákať rôzne segmenty klientely. Je však potrebné preveriť dostupnosť a kapacity, keďže počet izieb a otvá…
Pozeral som len verejne dostupný profil a základné kontaktné údaje.

Ak chcete, pošlem 3 stručné postrehy v krátkej forme.

S pozdravom","Dobrý deň,

jemne sa pripomínam k predošlej správe pre Spicers Sangoma Retreat.
Ak chcete, pošlem 3 stručné postrehy v krátkej forme.

S pozdravom",Sydney 100.csv
acc_6bb4cbb1a3e4,Seranin | Gordon,seranin gordon,Gordon,AU,Medium-High,8.03,80.33,81.33,Medium-High,B,commercial_verdict:zaujímavý prospect | ownership:public_confirmed | factual_completeness:0 | review_signal:weak | opening_hours_missing | checkin_missing | room_count_missing,commercial_verdict:zaujímavý prospect | ownership:public_confirmed,factual_completeness:0 | review_signal:weak | opening_hours_missing | checkin_missing | room_count_missing,opening_hours_missing | checkin_missing | room_count_missing,outreach_now,yes,low_factual_completeness,76.0,Keep,no,10.0,website_present | phone_present | category_present | reviews_present,manual_review,Likely shorter owner_gm_cycle,High,3.0,Strong,Low,no_major_gap,0,geo_mismatch,A,top_ranked,strong_icp_fit | independent_signal | preferred_hotel_type | out_of_profile_geography,yes,out_of_profile_geography,http://www.seranin.com.au/,seranin.com.au,+61 1300 821 332,Overené z raw vstupu: web aj telefón,Preferred hotel,Out-of-profile geography,Independent candidate,Independent operator candidate,public_confirmed,Needs direct booking clarity,Low visible,unique,seranin gordon|gordon|807 pacific hwy,no,no,slovakia_independent_3_4_star,review signal 3.5/5 z 65 recenzií,Verejne nepotvrdené,Verejne nepotvrdené,Verejne nepotvrdené,Verejne nepotvrdené,3.5/5 z 65 recenzií,,,Verejne nepotvrdené,Seranin | Gordon v Gordon je zaujímavý skôr cez praktickú informačnú vrstvu a jasnosť prvého kontaktu.,,,"Praktické informácie nie sú všade rovnako jasné, čo môže brzdiť prvý kontakt alebo rozhodnutie.",Hosť nemusí mať rýchlo jasno v praktických pobytových pravidlách pred rezerváciou.,,"Krátky postreh k tomu, ktoré praktické informácie hosť nemusí nájsť hneď na prvý pohľad.",,,,,,,"Na krátkom hovore sa oplatí overiť, ktoré typy dopytu dnes dominujú a kde vzniká najväčšie váhanie pred kontaktom alebo rezerváciou.",zaujímavý prospect,Seranin | Gordon: krátky postreh k praktickým info,"Krátky postreh k tomu, ktoré praktické informácie hosť nemusí nájsť hneď na prvý pohľad.",Pri rýchlom pozretí webu som nenašiel jasne uvedené otváracie hodiny alebo časy recepcie.,Na webe som nenašiel jasne uvedené otváracie hodiny alebo recepčné časy.,Pozeral som sa na Seranin | Gordon v lokalite Gordon.,"Ak chcete, pošlem 3 stručné postrehy v krátkej forme.",reply_with_permission,Pozeral som len verejne dostupný profil a základné kontaktné údaje.,opening_hours_clarity,low_friction_permission,A1,Sydney 100,,"Vo verejných zdrojoch chýbajú niektoré praktické pobytové informácie, čo vie byť prirodzený vstup do konverzácie.","Všimli sme si, že krátky postreh k tomu, ktoré praktické informácie hosť nemusí nájsť hneď na prvý pohľad.","Praktické informácie nie sú všade rovnako jasné, čo môže brzdiť prvý kontakt alebo rozhodnutie.","Ak chcete, pošlem 3 stručné postrehy v krátkej forme.",Pozeral som len verejne dostupný profil a základné kontaktné údaje.,"Dobrý deň,

Vo verejných zdrojoch chýbajú niektoré praktické pobytové informácie, čo vie byť prirodzený vstup do konverzácie.
Všimli sme si, že krátky postreh k tomu, ktoré praktické informácie hosť nemusí nájsť hneď na prvý pohľad.
Praktické informácie nie sú všade rovnako jasné, čo môže brzdiť prvý kontakt alebo rozhodnutie.
Pozeral som len verejne dostupný profil a základné kontaktné údaje.

Ak chcete, pošlem 3 stručné postrehy v krátkej forme.

S pozdravom","Dobrý deň,

jemne sa pripomínam k predošlej správe pre Seranin | Gordon.
Ak chcete, pošlem 3 stručné postrehy v krátkej forme.

S pozdravom",Sydney 100.csv
acc_85a1025fc0d6,Quest Bella Vista,quest bella vista,Bella Vista,AU,Medium-High,7.98,79.8,82.8,Medium-High,B,commercial_verdict:zaujímavý prospect | ownership:public_confirmed | review_signal:strong | factual_completeness:0 | opening_hours_missing | checkin_missing | room_count_missing,commercial_verdict:zaujímavý prospect | ownership:public_confirmed | review_signal:strong,factual_completeness:0 | opening_hours_missing | checkin_missing | room_count_missing,opening_hours_missing | checkin_missing | room_count_missing,outreach_now,yes,low_factual_completeness,76.0,Keep,no,10.0,website_present | phone_present | category_present | reviews_present,manual_review,Likely shorter owner_gm_cycle,High,3.0,Weak,Low,no_major_gap,0,geo_mismatch,B,geo_mismatch,strong_icp_fit | independent_signal | preferred_hotel_type | out_of_profile_geography,yes,out_of_profile_geography,http://www.questapartments.com.au/properties/nsw/bella-vista/quest-bella-vista/overview?utm_source=GoogleMyBusiness&utm_medium=organic&utm_campaign=bellavista,questapartments.com.au,+61 2 8818 9300,Overené z raw vstupu: web aj telefón,Preferred hotel,Out-of-profile geography,Independent candidate,Independent operator candidate,public_confirmed,Needs direct booking clarity,Low visible,unique,quest bella vista|bella vista|24 norbrik dr,no,no,slovakia_independent_3_4_star,review signal 4.5/5 z 1537 recenzií,Verejne nepotvrdené,Verejne nepotvrdené,Verejne nepotvrdené,Verejne nepotvrdené,4.5/5 z 1537 recenzií,,,Verejne nepotvrdené,Quest Bella Vista v Bella Vista pôsobí ako stabilný account s verejne čitateľným profilom a slušným review základom.,,,"Praktické informácie nie sú všade rovnako jasné, čo môže brzdiť prvý kontakt alebo rozhodnutie.",Hosť nemusí mať rýchlo jasno v praktických pobytových pravidlách pred rezerváciou.,,"Krátky pohľad na to, kde sa dá ešte zjednodušiť cesta od prvého záujmu k priamemu dopytu.",,,,,,,"Na krátkom hovore sa oplatí overiť, ktoré typy dopytu dnes dominujú a kde vzniká najväčšie váhanie pred kontaktom alebo rezerváciou.",zaujímavý prospect,Quest Bella Vista: krátky nápad,"Krátky pohľad na to, kde sa dá ešte zjednodušiť cesta od prvého záujmu k priamemu dopytu.",Pri rýchlom pozretí webu som nenašiel jasne uvedené otváracie hodiny alebo časy recepcie.,Na webe som nenašiel jasne uvedené otváracie hodiny alebo recepčné časy.,Pozeral som sa na Quest Bella Vista v lokalite Bella Vista.,"Ak chcete, pošlem 3 stručné postrehy v krátkej forme.",reply_with_permission,Pozeral som len verejne dostupný profil a základné kontaktné údaje.,opening_hours_clarity,low_friction_permission,A1,Sydney 100,,Silný reputačný základ (4.5/5) dáva priestor riešiť skôr konverznú jasnosť než reputačný problém.,"Všimli sme si, že krátky pohľad na to, kde sa dá ešte zjednodušiť cesta od prvého záujmu k priamemu dopytu.","Praktické informácie nie sú všade rovnako jasné, čo môže brzdiť prvý kontakt alebo rozhodnutie.","Ak chcete, pošlem 3 stručné postrehy v krátkej forme.",Pozeral som len verejne dostupný profil a základné kontaktné údaje.,"Dobrý deň,

Silný reputačný základ (4.5/5) dáva priestor riešiť skôr konverznú jasnosť než reputačný problém.
Všimli sme si, že krátky pohľad na to, kde sa dá ešte zjednodušiť cesta od prvého záujmu k priamemu dopytu.
Praktické informácie nie sú všade rovnako jasné, čo môže brzdiť prvý kontakt alebo rozhodnutie.
Pozeral som len verejne dostupný profil a základné kontaktné údaje.

Ak chcete, pošlem 3 stručné postrehy v krátkej forme.

S pozdravom","Dobrý deň,

jemne sa pripomínam k predošlej správe pre Quest Bella Vista.
Ak chcete, pošlem 3 stručné postrehy v krátkej forme.

S pozdravom",Sydney 100.csv
acc_30048fcea764,Royal Hotel,royal hotel,Springwood,AU,Medium-High,7.97,79.72,77.72,Medium-High,B,ownership:raw_confirmed | factual_completeness:1 | commercial_verdict:opatrný prospect | checkin_missing | room_count_missing,ownership:raw_confirmed | factual_completeness:1,commercial_verdict:opatrný prospect | checkin_missing | room_count_missing,checkin_missing | room_count_missing,manual_review,yes,cautious_verdict,76.0,Keep,no,10.0,website_present | phone_present | category_present | reviews_present,manual_review,Likely shorter owner_gm_cycle,High,3.0,Strong,Low,no_major_gap,0,geo_mismatch,B,geo_mismatch,strong_icp_fit | independent_signal | preferred_hotel_type | out_of_profile_geography,yes,out_of_profile_geography,http://www.royalhotelspringwood.com.au/,royalhotelspringwood.com.au,+61 2 4751 1021,Overené z raw vstupu: web aj telefón,Preferred hotel,Out-of-profile geography,Independent candidate,Independent operator candidate,raw_confirmed,Needs direct booking clarity,Low visible,unique,royal hotel|springwood|220 macquarie rd,no,no,slovakia_independent_3_4_star,review signal 4.1/5 z 539 recenzií,Opening hours: (subject to change) Mon - Wed 10:00 am - 11:00 pm Thursday 10:00 am - 1:00 am Fri - Sat 10:00 am - 1:30 am Sunday 10:00 am,Overené vo verejnom zdroji,Verejne nepotvrdené,Verejne nepotvrdené,4.1/5 z 539 recenzií,,,Verejne nepotvrdené,Royal Hotel v Springwood je zaujímavý skôr cez praktickú informačnú vrstvu a jasnosť prvého kontaktu.,,,"Praktické informácie nie sú všade rovnako jasné, čo môže brzdiť prvý kontakt alebo rozhodnutie.",Hosť nemusí mať rýchlo jasno v praktických pobytových pravidlách pred rezerváciou.,,"Krátky postreh k tomu, ktoré praktické informácie hosť nemusí nájsť hneď na prvý pohľad.",,,,,,,"Na krátkom hovore sa oplatí overiť, ktoré typy dopytu dnes dominujú a kde vzniká najväčšie váhanie pred kontaktom alebo rezerváciou.",opatrný prospect,Royal Hotel: krátky postreh k praktickým info,"Krátky postreh k tomu, ktoré praktické informácie hosť nemusí nájsť hneď na prvý pohľad.",Pri rýchlom pozretí webu som nenašiel jasne uvedený check-in a check-out.,Na webe som nenašiel jasne uvedený check-in a check-out na prvý pohľad.,Pozeral som sa na Royal Hotel v lokalite Springwood.,"Ak chcete, pošlem 3 stručné postrehy v krátkej forme.",reply_with_permission,Vychádzal som z verejne uvedených hodín: Opening hours: (subject to change) Mon - Wed 10:00 am - 11:00 pm Thursday 10:00 am - 1:00 am Fri - Sat 10:00 am - 1:30 am Sunday 10:00 am.,checkin_checkout_clarity,low_friction_permission,A2,Sydney 100,,"Vo verejných zdrojoch chýbajú niektoré praktické pobytové informácie, čo vie byť prirodzený vstup do konverzácie.","Všimli sme si, že krátky postreh k tomu, ktoré praktické informácie hosť nemusí nájsť hneď na prvý pohľad.","Praktické informácie nie sú všade rovnako jasné, čo môže brzdiť prvý kontakt alebo rozhodnutie.","Ak chcete, pošlem 3 stručné postrehy v krátkej forme.",Vychádzal som z verejne uvedených hodín: Opening hours: (subject to change) Mon - Wed 10:00 am - 11:00 pm Thursday 10:00 am - 1:00 am Fri - Sat 10:00 am - 1:30 am Sunday 10:00 am.,"Dobrý deň,

Vo verejných zdrojoch chýbajú niektoré praktické pobytové informácie, čo vie byť prirodzený vstup do konverzácie.
Všimli sme si, že krátky postreh k tomu, ktoré praktické informácie hosť nemusí nájsť hneď na prvý pohľad.
Praktické informácie nie sú všade rovnako jasné, čo môže brzdiť prvý kontakt alebo rozhodnutie.
Vychádzal som z verejne uvedených hodín: Opening hours: (subject to change) Mon - Wed 10:00 am - 11:00 pm Thursday 10:00 am - 1:00 am Fri - Sat 10:00 am - 1:30 am Sunday 10:00 am.

Ak chcete, pošlem 3 stručné postrehy v krátkej forme.

S pozdravom","Dobrý deň,

jemne sa pripomínam k predošlej správe pre Royal Hotel.
Ak chcete, pošlem 3 stručné postrehy v krátkej forme.

S pozdravom",Sydney 100.csv
acc_401880adbecd,Quest Penrith,quest penrith,Penrith,AU,Medium-High,7.96,79.57,82.57,Medium-High,B,commercial_verdict:zaujímavý prospect | ownership:public_confirmed | review_signal:strong | factual_completeness:0 | opening_hours_missing | checkin_missing | room_count_missing,commercial_verdict:zaujímavý prospect | ownership:public_confirmed | review_signal:strong,factual_completeness:0 | opening_hours_missing | checkin_missing | room_count_missing,opening_hours_missing | checkin_missing | room_count_missing,outreach_now,yes,low_factual_completeness,76.0,Keep,no,10.0,website_present | phone_present | category_present | reviews_present,manual_review,Likely shorter owner_gm_cycle,High,3.0,Weak,Low,no_major_gap,0,geo_mismatch,B,geo_mismatch,strong_icp_fit | independent_signal | preferred_hotel_type | out_of_profile_geography,yes,out_of_profile_geography,https://www.questapartments.com.au/properties/nsw/penrith/quest-penrith,questapartments.com.au,+61 2 9136 1100,Overené z raw vstupu: web aj telefón,Preferred hotel,Out-of-profile geography,Independent candidate,Independent operator candidate,public_confirmed,Needs direct booking clarity,Low visible,unique,quest penrith|penrith|83 lord sheffield cct,no,no,slovakia_independent_3_4_star,review signal 4.6/5 z 375 recenzií; service mix event congress,Verejne nepotvrdené,Verejne nepotvrdené,Verejne nepotvrdené,Verejne nepotvrdené,4.6/5 z 375 recenzií,,,Verejne nepotvrdené,Quest Penrith v Penrith pôsobí ako stabilný account s verejne čitateľným profilom a slušným review základom.,,,"Praktické informácie nie sú všade rovnako jasné, čo môže brzdiť prvý kontakt alebo rozhodnutie.",Hosť nemusí mať rýchlo jasno v praktických pobytových pravidlách pred rezerváciou.,,"Krátky pohľad na to, kde sa dá ešte zjednodušiť cesta od prvého záujmu k priamemu dopytu.",,,,,,,"Na krátkom hovore sa oplatí overiť, ktoré typy dopytu dnes dominujú a kde vzniká najväčšie váhanie pred kontaktom alebo rezerváciou.",zaujímavý prospect,Quest Penrith: krátky nápad,"Krátky pohľad na to, kde sa dá ešte zjednodušiť cesta od prvého záujmu k priamemu dopytu.",Pri rýchlom pozretí webu som nenašiel jasne uvedené otváracie hodiny alebo časy recepcie.,Na webe som nenašiel jasne uvedené otváracie hodiny alebo recepčné časy.,Pozeral som sa na Quest Penrith v lokalite Penrith.,"Ak chcete, pošlem 3 stručné postrehy v krátkej forme.",reply_with_permission,Pozeral som len verejne dostupný profil a základné kontaktné údaje.,opening_hours_clarity,low_friction_permission,A1,Sydney 100,,Silný reputačný základ (4.6/5) dáva priestor riešiť skôr konverznú jasnosť než reputačný problém.,"Všimli sme si, že krátky pohľad na to, kde sa dá ešte zjednodušiť cesta od prvého záujmu k priamemu dopytu.","Praktické informácie nie sú všade rovnako jasné, čo môže brzdiť prvý kontakt alebo rozhodnutie.","Ak chcete, pošlem 3 stručné postrehy v krátkej forme.",Pozeral som len verejne dostupný profil a základné kontaktné údaje.,"Dobrý deň,

Silný reputačný základ (4.6/5) dáva priestor riešiť skôr konverznú jasnosť než reputačný problém.
Všimli sme si, že krátky pohľad na to, kde sa dá ešte zjednodušiť cesta od prvého záujmu k priamemu dopytu.
Praktické informácie nie sú všade rovnako jasné, čo môže brzdiť prvý kontakt alebo rozhodnutie.
Pozeral som len verejne dostupný profil a základné kontaktné údaje.

Ak chcete, pošlem 3 stručné postrehy v krátkej forme.

S pozdravom","Dobrý deň,

jemne sa pripomínam k predošlej správe pre Quest Penrith.
Ak chcete, pošlem 3 stručné postrehy v krátkej forme.

S pozdravom",Sydney 100.csv
acc_40da1daa32cc,Doonside Hotel,doonside hotel,Doonside,AU,Medium-High,7.94,79.39,74.39,Medium,C,ownership:raw_confirmed | commercial_verdict:opatrný prospect | factual_completeness:0 | review_signal:weak | opening_hours_missing | checkin_missing | room_count_missing,ownership:raw_confirmed,commercial_verdict:opatrný prospect | factual_completeness:0 | review_signal:weak | opening_hours_missing | checkin_missing | room_count_missing,opening_hours_missing | checkin_missing | room_count_missing,manual_review,yes,low_factual_completeness | cautious_verdict,76.0,Keep,no,10.0,website_present | phone_present | category_present | reviews_present,manual_review,Likely shorter owner_gm_cycle,High,3.0,Strong,Low,no_major_gap,0,geo_mismatch,B,geo_mismatch,strong_icp_fit | independent_signal | preferred_hotel_type | out_of_profile_geography,yes,out_of_profile_geography,https://www.doonsidehotel.com/,doonsidehotel.com,+61 2 9622 6585,Overené z raw vstupu: web aj telefón,Preferred hotel,Out-of-profile geography,Independent candidate,Independent operator candidate,raw_confirmed,Needs direct booking clarity,Low visible,unique,doonside hotel|doonside|23 graham st,no,no,slovakia_independent_3_4_star,review signal 3.8/5 z 363 recenzií; service mix restaurant,Verejne nepotvrdené,Verejne nepotvrdené,Verejne nepotvrdené,Verejne nepotvrdené,3.8/5 z 363 recenzií,,,Verejne nepotvrdené,Doonside Hotel v Doonside je zaujímavý skôr cez praktickú informačnú vrstvu a jasnosť prvého kontaktu.,,,"Praktické informácie nie sú všade rovnako jasné, čo môže brzdiť prvý kontakt alebo rozhodnutie.",Hosť nemusí mať rýchlo jasno v praktických pobytových pravidlách pred rezerváciou.,,"Krátky postreh k tomu, ktoré praktické informácie hosť nemusí nájsť hneď na prvý pohľad.",,,,,,,"Na krátkom hovore sa oplatí overiť, ktoré typy dopytu dnes dominujú a kde vzniká najväčšie váhanie pred kontaktom alebo rezerváciou.",opatrný prospect,Doonside Hotel: krátky postreh k praktickým info,"Krátky postreh k tomu, ktoré praktické informácie hosť nemusí nájsť hneď na prvý pohľad.",Pri rýchlom pozretí webu som nenašiel jasne uvedené otváracie hodiny alebo časy recepcie.,Na webe som nenašiel jasne uvedené otváracie hodiny alebo recepčné časy.,Pozeral som sa na Doonside Hotel v lokalite Doonside.,"Ak chcete, pošlem 3 stručné postrehy v krátkej forme.",reply_with_permission,Pozeral som len verejne dostupný profil a základné kontaktné údaje.,opening_hours_clarity,low_friction_permission,A1,Sydney 100,,"Vo verejných zdrojoch chýbajú niektoré praktické pobytové informácie, čo vie byť prirodzený vstup do konverzácie.","Všimli sme si, že krátky postreh k tomu, ktoré praktické informácie hosť nemusí nájsť hneď na prvý pohľad.","Praktické informácie nie sú všade rovnako jasné, čo môže brzdiť prvý kontakt alebo rozhodnutie.","Ak chcete, pošlem 3 stručné postrehy v krátkej forme.",Pozeral som len verejne dostupný profil a základné kontaktné údaje.,"Dobrý deň,

Vo verejných zdrojoch chýbajú niektoré praktické pobytové informácie, čo vie byť prirodzený vstup do konverzácie.
Všimli sme si, že krátky postreh k tomu, ktoré praktické informácie hosť nemusí nájsť hneď na prvý pohľad.
Praktické informácie nie sú všade rovnako jasné, čo môže brzdiť prvý kontakt alebo rozhodnutie.
Pozeral som len verejne dostupný profil a základné kontaktné údaje.

Ak chcete, pošlem 3 stručné postrehy v krátkej forme.

S pozdravom","Dobrý deň,

jemne sa pripomínam k predošlej správe pre Doonside Hotel.
Ak chcete, pošlem 3 stručné postrehy v krátkej forme.

S pozdravom",Sydney 100.csv
